dropout,05,3,4
0,0.00457,0.0041767,0.0041667
0.05,0.0045033,0.00427,0.011967
0.1,0.0051967,0.0053667,0.0053333
