dropout,1,2,3,4
0,0.00454,0.00487,0.00449,0.00473
