dropout,05,3,4,6
0,0.0045283,0.0041417,0.0042383,0.004645
