dropout,1,2,3,4
0.1,0.00616,0.00638,0.00630,0.00631
