dropout,1,2,3,4
0.1,0.00132,0.00127,0.00131,0.00129
