dropout,2,4,6
0,0.00154,0.00148,0.00170
0.1,0.00140,0.00138,0.00126
0.2,0.00159,0.00145,0.00134
