dropout,1,2,3,4
0,0.00005,0.00003,0.00006,0.00003
0.025,0.00005,0.00008,0.00007,0.00008
0.5,0.00069,0.00061,0.00092,0.00083
